-1.0954240327741878,-0.55077222003243531,-1.1162693978717235,-15.621521200922864,-7.799300687468194
-1.1034407776279878,-1.0864761885392318,-1.1201900133411662,-14.655632866466956,-11.351475682199428
-1.1221409681910581,-0.0071983309675370082,-0.5038700969973039,-17.030972867268815,-3.8819773027622642
-1.0634948886106126,-0.9940760148718133,-1.0947623289024753,-14.913774318543815,-10.537023740635313
-1.1300686657527181,-1.0813653755881401,-1.1181938911627742,-14.640162288459846,-11.391433408168638
-1.1422017697608851,-1.0922550679979959,-1.136878563209371,-14.585644497839944,-11.486505327960394
-1.0764636509118042,-0.95083851089027061,-1.0770217285366757,-15.00579855109265,-10.190336218164379
-0.98705865296611739,0.011352015766915897,-1.0374074071000146,-16.33460073283689,-6.5462914677789881
-1.0049392506584247,0.013212295450353531,-1.0236406254671611,-16.327630951746478,-6.5851540987956794
-1.0402429611833752,-0.90451409707057528,-1.0907546685628271,-15.122595262751501,-9.6721163285459397
-1.088050531018421,-0.89908941397562303,-1.0623368343082793,-15.110880173928988,-9.7442826008294183
-1.025191209466386,-0.85507964204947096,-1.0509122928149082,-15.283174202383478,-8.9725652169844388
-1.0347128726647918,-0.010683437442624066,-1.0217810457497576,-16.28220213333813,-6.7802834707237132
-1.0707707874770456,-0.010312883995189193,-1.1069925886060608,-16.086054645174464,-7.4275715769151329
-1.0795308047291172,-0.0020167116370892494,-1.1121377496022387,-16.063833247265013,-7.5036322060723437
-0.70697775065136015,0.017696062163579745,-0.0064475344136425434,-18.643476777398924,-0.9151495767681519
-1.0904720773353684,-0.67272468804733132,-1.1139103914540822,-15.447959722980318,-8.3333666076042636
-1.116866094132597,-1.0971653510397932,-1.1130454308147477,-14.62717223645109,-11.415144330873858
-1.0789467459551161,-0.93373603530326466,-1.0761652226798446,-15.03778944100551,-10.05918819680754
-1.0740806338106874,-0.78666840810667082,-1.0569734524935599,-15.345759985810854,-8.7617289544741439
-1.0964637330325966,-0.9896742328363235,-1.1125600946247074,-14.866694621658684,-10.713156288319098
-0.88098573823239823,-0.0048131681829344615,-0.95132432900956121,-16.651885797750868,-5.0724829403522751
-0.84420191633862196,-0.016040864569771877,-0.98521114536921073,-16.65752481563213,-5.0171927951277571
-0.88090515368882572,-0.019204605411333814,-0.97048221455977701,-16.619782584508187,-5.1955714668788318
-0.88360070881204156,-0.024471990021221267,-1.0173228097258606,-16.53808587244582,-5.5555375500082622
-0.97651207403707074,0.0062518941828301599,-1.0256929911764581,-16.37113877461551,-6.400310229520711
-0.99088734749221985,0.0037918161385655015,-1.0167539279516173,-16.362138843927568,-6.4548612541633439
-0.96955906991337215,0.0082340204481543659,-0.94323644766223369,-16.517973576709394,-5.7210171919925763
-0.85296234542515925,-0.0045371939375338025,-0.93711928937263622,-16.722535076966196,-4.7300876823846956
-0.92256292094253978,0.0043429883188944914,-0.96273829276801015,-16.563611658345323,-5.5070356739480868
-0.88659509166630379,-0.0080716772181544383,-0.9859836887958926,-16.585300705781272,-5.3828832879142245
-0.876413155510263,-0.014902967178557772,-0.98075067316590336,-16.610687525649954,-5.2460538949924747
-0.81943569809155836,-0.0087322586086281268,-0.98858604444254849,-16.694254679286843,-4.8618043339670614
-0.83263510749490921,-0.005600210434539803,-0.97826740863336326,-16.688912415450282,-4.8931176628354009
-0.81556051660481244,-0.0041332023789701902,-1.0013658243674615,-16.67999911120541,-4.9366465127569548
-0.84929225720642332,-0.0039005979686168478,-1.006936044981944,-16.61377287436609,-5.2431130695052843
-0.87293694000586575,-0.0054772936102605845,-1.0053670661671252,-16.576505237708417,-5.4197974437682914
-1.094601741896158,-0.76221438423067811,-1.0421203233510807,-15.382735468895234,-8.5878239960424345
-1.1110265749595418,0.0088359649235063356,-0.62654601812229016,-16.82958395032651,-4.3197931445251623
-1.0983677310010085,0.0087897462111367446,-0.61766342430300991,-16.865568793073578,-4.2364120502377105
-1.0931431754435135,-0.026762941837204669,-0.60783225108929684,-16.889953686893087,-4.1390787134809734
-0.95051571610547048,0.0089924478632322034,-0.84743578325943447,-16.709563499158392,-4.7844831484464354
-1.0440202035707764,-0.74426351411104541,-1.0733060683871636,-15.439197764949371,-8.3825949933546493
-1.1143890287536355,-0.013325694293231841,-1.0901870166226499,-16.042821425662368,-7.5313110371127099
-1.0477054770458598,-0.80802258915498049,-1.0738880790741576,-15.318053784596572,-8.8675554664004146
-1.0764783624357197,-0.70511552877586614,-1.0619055486687079,-15.480462250495854,-8.2475008211503962
-1.1024087666700331,-1.0182245950594317,-1.0751379734669038,-14.843869367896605,-10.796382495512466
-1.1077429297250507,-1.0413072202086358,-1.0982384254522386,-14.766437226534567,-11.061946548626141
-1.0783540428107532,-1.0130303918018768,-1.1031500444976527,-14.85009722253227,-10.778056851115391
-1.0773515817704729,-1.0188013926836048,-1.0560459299734026,-14.890415570727981,-10.598929666614772
-1.122590172666587,-0.98559217250940323,-1.0759631398412139,-14.886263908330289,-10.619982143087149
-1.0968731747385223,-0.95410460376963147,-1.0815385741105781,-14.97126183904351,-10.323692200176524
-1.0544188301262378,-0.95779170641425937,-1.085505924453358,-15.007068334280195,-10.169127068569409
-1.0696005079296775,-0.95526029236651488,-1.0975818477935337,-14.981570459178732,-10.278545765369884
-1.0697075906909586,-0.95497332649035271,-1.0961091933367519,-14.983679844328414,-10.27134008890129
-1.0711307752391053,-0.95569653191560544,-1.0815686835001905,-14.997010684633675,-10.224309220570605
-1.0874456206666048,-0.95659165345657227,-1.0669130141469578,-14.993345092432286,-10.235602413525546
-1.0942806435689747,-0.95718732786200189,-1.0767901279370626,-14.973418547540897,-10.316694517193898
-1.0919064643379666,-0.95790506764965822,-1.0855964934477973,-14.964791859927807,-10.352857423471516
-1.1017323747178616,-0.95633233205568224,-1.075651177719003,-14.967989352283524,-10.331552831730502
0.0020531367082272656,-0.011742898724721186,-0.71984407311714871,-18.635167982877675,-1.0176854193332348
-1.0091624661241543,-0.016430268643632853,-1.0168655006773721,-16.33162033148041,-6.5632567937457171
-1.0543580881237642,0.0051305470080500321,-1.0304404613502849,-16.236353206980308,-6.9682214104420197
-1.0579200310297743,0.0072191538184263083,-1.0285136959440739,-16.233682130279234,-6.970978261573169
-1.0496285322836083,0.00082222131156666975,-1.0408819695229383,-16.22708145404146,-7.0185066394296989
-1.1120770962653046,0.00069224925551586436,-0.57575202578980789,-16.91814697016637,-4.1186455365229362
-1.1016363358764498,-0.96942343557363309,-1.0468820308129627,-14.974022937939544,-10.279704213405793
-1.1004110737681387,-0.96099104246173328,-1.0591569242556802,-14.978656566762801,-10.279285573199363
-1.1213304493617444,-1.0631024108940483,-1.1135579113125682,-14.691371737210726,-11.272445882660573
-1.0880152478924177,-0.96903130087034228,-1.0843447250930685,-14.948480388311697,-10.419619533029046
-1.0972842134383654,-1.0304252946917538,-1.1018470954267461,-14.795858385708174,-10.970306821059356
-1.0577196379869558,-0.71433531349880042,-1.0609343444790791,-15.490045950045449,-8.2029502975848345
-1.0452906498679209,-0.71294418854253594,-1.0801085363680456,-15.48373408252806,-8.218165753254409
-0.55107233213345452,-0.0023630958214249376,-0.0035120443138705916,-18.947948710720503,-0.19323201553183114
-1.0772011534020323,-0.67762373176136748,-1.0750400011030457,-15.508576077833208,-8.1550854809312998
-0.0222780292955564,0.0038863219301511383,-0.62577616025393112,-18.778451114176562,-0.46633379874359304
-0.023924033879401712,0.00022369792399071177,-0.62812386257618646,-18.77172121964358,-0.48550300765794652
-0.022658770365998435,-0.0022813255594723537,-0.62796936688489324,-18.77427927610372,-0.48038975610940715
-0.96868085332289766,0.0050878874140332653,-0.97644801565751982,-16.464672526829503,-5.9847713594340837
-0.93728564993426178,-0.02153826675318269,-0.98954223609352321,-16.49430139173304,-5.8013209195349136
-0.96575722034339373,0.00066977714613472572,-0.98736868331243943,-16.451587424411194,-6.0570305614908468
-0.97032214971865116,-0.011863906176356281,-0.98644519122868757,-16.44534490028092,-6.0599947063135584
-1.1039748797804603,-0.66463701636732631,-1.0609881450556324,-15.513042291538946,-8.1184263279608757
-1.1278789576307089,-0.0020264074777071178,-1.1131678908117766,-15.98464068986512,-7.6648826007587978
-0.6438313328908869,-0.024614357645281748,-1.0767451104575028,-16.853113643591673,-4.2453417813363403
-1.0619794931169608,-0.64275279890115744,-1.0835861880629813,-15.574142698566519,-7.9293079294985764
-1.1165030151404249,-0.0081774146851239481,-1.1041340454498494,-16.01720264056483,-7.5983709764099281
-0.63716406552170324,-0.0071276703618452508,-1.0875257759623853,-16.848652420009316,-4.2920602763904681
-1.0805572270559611,-0.98012971570300378,-1.0606638786581755,-14.960742809881982,-10.357001918305464
-1.1258675648787317,-1.0661798815290775,-1.1155270679380691,-14.678216251615723,-11.303385613816815
-0.98865480214468549,0.00046192058093646711,-1.0047601215064033,-16.38542232119655,-6.3628988988647794
-0.94294519428665158,-0.010398848899911606,-0.88690468590207105,-16.655677616461723,-5.0415221258741152
-1.0659785971457769,-0.94887310539479441,-1.0610921269682976,-15.039394045063677,-10.04160629974529
-0.97469155339895819,-0.00019543729542606959,-0.81881792211757742,-16.71828113983195,-4.7721711314481707
-1.0433995066084036,-0.93143852475867051,-1.0726159101866726,-15.086632234465792,-9.8316516880787521
-1.1418047453823643,0.00014899675992054113,-1.1504466307611798,-15.902995813372456,-7.7458856367636573
-1.0903077954789047,-0.9167528955556804,-1.0877379951924988,-15.044739828580667,-10.020877454357727
-1.0734868921817544,-0.98824922798324544,-1.0968565939827717,-14.91225490097153,-10.552209271410234
-1.0619678116844948,0.0021999491345894538,-1.0806333704718891,-16.142788953767365,-7.2985814458803047
-1.0665471126388382,-0.00093715823378075951,-1.0547600538983202,-16.177189084660156,-7.193933799132644
-1.0754635171784961,-0.0024867604776081555,-1.0685005242244736,-16.1405628456425,-7.3079353596406182
-1.0754133292946273,-0.0058850257238372769,-1.054130297271217,-16.163844429944618,-7.2219088654600618
-1.0754033979640438,0.0015657224945311229,-1.0605335012617405,-16.153543859802088,-7.2682275496095841
-1.0865285959018469,-0.97210276836251008,-1.0763467723387441,-14.952910396768793,-10.400993364810828
-1.0906174097954029,-0.00065582877374283088,-1.0872438905659783,-16.08594904671879,-7.467673527579576
-1.1663327621725532,0.0015718071697282711,-0.0017877186463182287,-17.914663078710618,-3.8563349726568212
-1.1660960529265223,0.00026114583576180303,-0.0032165523232727299,-17.913347205425197,-3.8571484848320292
-1.0735584615591243,0.0011341017646346731,-1.0828935060397011,-16.120429702717455,-7.3712192452667873
-1.0839520001046823,-0.94122162308642465,-1.06336265104371,-15.031807718480689,-10.078155474043205
-1.0828000969593876,-0.99687807594740885,-1.0535169433830376,-14.932104068803843,-10.453343993043147
-1.0904266201458963,-0.99584363198553549,-1.0463850766463785,-14.93358583763306,-10.43632690376058
-1.0898567002239636,-0.97761097481821546,-1.0941220217716368,-14.918467307264535,-10.534091353943463
-0.6618625309324262,-0.013656218115397467,0.0047828725915335631,-18.731002043839478,-0.66450655696530125
-1.0296619491747308,-0.018424771255848169,-0.72040037873751661,-16.796388929572093,-4.429235885136551
-1.0668155219718687,-0.94081679554451647,-1.0673430421348402,-15.047502246445871,-10.013759316541936
-1.1002376333666495,-1.0335787121154267,-1.1142585765232185,-14.772885673713905,-11.039275135357187
-1.0610995323593873,-0.0068567155197401652,-1.0430337397708811,-16.20493959563759,-7.0812491559603847
0.0064632854415088703,-0.01079449659553755,-0.57473739566950366,-18.88881744620005,-0.25707918602486068
-0.84345330151755982,-0.0039732282913252353,-0.95758735251530902,-16.704724410807366,-4.8203775605906038
-0.99907590764341259,-0.00063469064640776871,-0.95127582308948955,-16.456301657513535,-6.028933469635426
-0.0031957602456335055,-0.016336832597749464,-0.93519947862827979,-18.260632196135766,-2.6535621042277993
-0.014888981259053038,0.0010482799993631747,-0.52989404439556542,-18.96462805058208,-0.10088149855761042
-1.0736797984573365,-0.81355612705331104,-1.0327285670959938,-15.32613344622452,-8.8161676278988459
-0.83700424496688708,0.0075302576451223846,-0.98327280016046914,-16.67324367775714,-4.961802020402339
-1.0820463113910104,-0.58804433716802651,-1.1216104341834843,-15.579341232449352,-7.9016896794125415
-1.1146927998088005,-1.0624033253514773,-1.1327690314511747,-14.679367633754172,-11.293041543901797
-1.0909566350927848,-0.61842756282672506,-1.098489476262837,-15.553206341418452,-8.006669515513833
-1.1058098988033775,-0.67777177174832171,-1.0985967347336589,-15.439796425558141,-8.3690520631443519
-1.0168167815635583,0.0018519221590138878,-1.0567524794285577,-16.25471451652957,-6.8984824226311323
-1.0295504210020148,-0.00349695057018939,-1.059374093859619,-16.229703264709457,-6.9943083688556076
-1.1085613019837366,-0.94902118015480663,-1.1094024893098007,-14.936514502066874,-10.42706930730148
-1.1494862097275425,-1.1497086210468499,-1.1540230696917453,-14.443666052587048,-11.626456208323397
-1.1426971549387799,-1.1495319785478657,-1.1533960615253629,-14.45159703333254,-11.623013144970834
-1.1052180578266502,-1.0346774107507277,-1.0942071943419396,-14.786923288759077,-10.99735702570349
-1.1036232141025422,-1.0780107662030085,-1.0946323307038623,-14.69964682939125,-11.235411269612214
-1.0559718107965095,-0.7612554603720334,-1.0688152037382739,-15.399518989551764,-8.5471728658290953
0.008808281146473057,-0.020289276562858647,-0.92071353768727726,-18.2736591705873,-2.5152314718257922
-1.0928426570357517,-0.96170343548390758,-1.110576719452947,-14.928157601217888,-10.477232438205473
-1.1066952102299488,-0.98184444297151285,-1.057136544451178,-14.932160687866821,-10.451722601445312
-1.0659181903042201,-0.75849563842353784,-1.0770694165469978,-15.381632829545113,-8.6221713493681378
-1.0670684242039765,-0.75709404857485008,-1.1037699184075078,-15.349042789858188,-8.7260479047278174
-0.82469916177064984,-0.0099747450851620789,-0.014567966472871396,-18.44409593395404,-1.7436512134348294
-0.64907826520566347,-0.014073168317294077,0.0038417417601785964,-18.753171547337814,-0.59794695405292964
-1.1063697345113963,-0.52450205759024859,-1.127488898954905,-15.62609689832378,-7.7732648688873613
-1.0908144397853843,-1.0169639503963017,-1.1050910074998754,-14.826522598886068,-10.865859473272662
-1.1107891137657144,-1.1038005034583052,-1.1180046341283054,-14.614700901865639,-11.434801965195508
-1.0749899879268925,0.00053907277283702249,0.0016716952682641728,-18.06191802373975,-3.6645929472955059
-0.97489852393408916,-0.017326440389103095,-0.94487366713726129,-16.506071455277798,-5.758446631318531
-1.1134651614870563,-0.54546155176465427,-1.0949116764483182,-15.633540450400517,-7.7711140466607391
-1.1070689254791861,-0.52382603098824287,-1.128669542364189,-15.624335130949262,-7.7754353956735791
-0.83374673261977661,0.0014835876271284965,-1.0043618725100443,-16.644281627797234,-5.1072273389969034
-0.89909043973945346,0.019205275971589903,-0.99600745000400304,-16.547423419145144,-5.5396044007184084
-0.83865587171739697,0.0013895617016846454,-0.99656072783887684,-16.64874878996729,-5.0894704503450319
-0.9685673848351618,0.0043151028842539005,-0.83662365590727061,-16.69815337017006,-4.8521569598874272
-1.1087988313511605,-0.94905430969017068,-1.0642061091157304,-14.98719661416514,-10.238333804122432
-1.0838329079026463,-0.94015952538478398,-1.0744262592133911,-15.021548979428129,-10.125186323065448
-1.1053233048697026,-1.0051898260160155,-1.0818462213631697,-14.859729461207259,-10.745492380227862
-1.0727484182220313,-0.73728032473341676,-1.0815439548677983,-15.404669504245707,-8.5326710041272698
-1.0809478441304814,-0.72777168140278892,-1.0954359454929214,-15.392900265751221,-8.5662742133252241
-1.0788283889657928,-0.72397718175587034,-1.0831252871589947,-15.417884435327643,-8.4815086543125062
-1.0802359488157793,-0.71494392591523592,-1.102343292116059,-15.406743329146497,-8.505622908097564
-1.0878270808178356,-0.66059739340650137,-1.1013141361750254,-15.48758777019837,-8.216831843678932
-1.1268043033438488,-0.012042917592765916,-0.54681532574196445,-16.94598976826142,-4.0185382938247898
-1.0964753098553939,-0.0057229542468273603,-0.53018341712507056,-17.024684234703034,-3.8893367942384964
-1.0531581116795949,0.005477482775321011,-0.72101696731537901,-16.7577816449896,-4.6030353204615366
-1.1263186666743903,-1.0450038445990009,-1.1125589325729706,-14.723604782898871,-11.177080526164227
-1.0626918425167513,-0.011172574857174891,-1.0718794068124455,-16.155553734517447,-7.2409709208309998
-1.1425019831135776,-1.1400554701142003,-1.1271008560242646,-14.498088416745041,-11.592733541702998
-1.0742567412326045,-0.70606194913708376,-1.0786323079827902,-15.460112118901803,-8.3265695825689274
-0.85046239389859868,-0.0037661962923031863,-1.051293267238709,-16.539589114682435,-5.5423378793013978
-0.87332776465469653,-0.00051811907062183872,-0.99785105113919381,-16.588204846259714,-5.3815233677864676
-1.0886269848045016,-1.0397920389716906,-1.0807749584719977,-14.808719177482317,-10.911989129064938
-1.071516562383183,-0.69059641761821633,-1.0835959348177764,-15.483256855873634,-8.2422057801329682
-1.0819813925688471,-0.00543800823232029,-1.0793999063015294,-16.112436715742497,-7.3837915642636336
-0.99858526191174057,0.0052454362073746097,-0.75730773395172546,-16.78407995013857,-4.4854052027078719
-1.0837742142965763,-0.60645997171636168,-1.0752677867662053,-15.612792011396929,-7.8235374618358922
-1.1271860303255106,-1.0482511885034582,-1.1274212680350575,-14.700173667307714,-11.232606544337504
-1.0691234580175297,-0.79673934494295517,-1.0987288971614513,-15.282066256539455,-9.005832506549714
-0.99759444902514216,0.0055038558555616235,-0.9055690906495566,-16.53459859556416,-5.6315190083183255
-0.84168467813906955,0.0087558012313531212,-0.95741677941888759,-16.707881126437496,-4.7943313737993343
-0.86082494687201239,0.0081592119341046786,-0.98894838437226007,-16.62370647255736,-5.1945136611351366
-0.9460006121020289,0.010761515618502679,-0.93631372805347146,-16.568263094484294,-5.4718403515839764
-1.0399263831184036,0.011021520316075447,-1.0009662955912393,-16.30772115635751,-6.6659589689844223
-1.0223908286058154,0.011115305747995992,-1.0204332136412291,-16.304445371895547,-6.6893416291594541
-1.0167706078180019,0.011975226078428448,-1.0371736219304608,-16.28632773942799,-6.7590846243691614
-1.0187421690446923,0.012026639564517374,-1.0453911404732568,-16.26976498575587,-6.8231543534668573
-1.0360088552060807,0.012120058231766935,-1.0522438075047305,-16.230533558540728,-6.977323557506061
-1.1056160184670583,-1.0850533815584107,-1.1045708258322215,-14.672658127454907,-11.308798479877108
-1.1191927839404181,-1.0750267815385557,-1.099774194602551,-14.683955829243455,-11.284686753131988
-1.0620076059985786,-0.91892240815463344,-1.0868416191831995,-15.073995855149878,-9.9008892845553014
-1.0770775863410618,-0.92173539753811051,-1.0637892599977694,-15.077634772950333,-9.8898765057720563
-1.0923940979501769,-0.92104572516002947,-1.1069701694545266,-15.011893994166801,-10.1350450267475
-1.0785667568040309,-0.65108299447295626,-1.0910198372324695,-15.52878854218211,-8.0868566741522425
-0.93053867808141255,0.016805152131160073,-0.93097087779306631,-16.602461690767967,-5.2909362751803908
-1.0813124662043208,-0.76986724094734771,-1.058578524983717,-15.365176827314212,-8.6825994916190581
-1.0256529432151371,-0.0062893863204314185,-1.0558395519659411,-16.241728738506314,-6.9424672842680497
-1.0479069694979304,-0.00024261065110422683,-0.98184278088850407,-16.326329558417896,-6.5973124596374992
-1.0589128507955139,-0.027990874985190397,-1.0527920574205067,-16.191522097204533,-7.0885732789592222
-1.0561915835434683,-0.02800966489860357,-1.0553594995190099,-16.191766499769198,-7.0880392214197236
-1.0673315753575154,-0.028170252785737392,-1.0360455911694129,-16.205067276957223,-7.0318690507413217
0.0021658503910899907,0.017153627837607745,-0.58240135910099355,-18.865507067679708,-0.28632288116479054
-0.58562641838950658,0.017488137477680042,-1.113752334448227,-16.89719864195813,-4.1271253934719372
-0.57682985042128521,-0.0027377199380816675,-1.1097324137640894,-16.919965197748724,-4.1102314197779632
-1.1396492403825353,0.0040510515344910972,-0.00017934130490801156,-17.953682898498535,-3.8560455410951877
-0.77165305560758601,0.018874319513611688,0.00095166088690837314,-18.53176562142068,-1.3590809978142402
-1.0977707068790385,-1.0429573187848491,-1.0831543247346156,-14.789910496323625,-10.977743429981224
-0.0040962833786629699,-0.009346776128602052,-1.0878720247046452,-18.024223701367006,-3.6948452870251582
-1.1387689220635491,-1.1365543636734246,-1.1286948390139406,-14.50748214896856,-11.588424175532122
-1.0446116672825394,-0.90911347637197526,-1.0855692774917507,-15.11458034846143,-9.7152016244401125
-1.0618581538108851,-0.91742194693461154,-1.0729234748636398,-15.09308482089875,-9.8241300700472856
-1.0474895518227965,-0.90936715671197477,-1.0783124454920174,-15.119164958417198,-9.7020823698624969
-1.0536127560384487,-0.91120047070639731,-1.08414052140628,-15.10183655243264,-9.779142792276172
-1.0878935484270451,-0.90475322442755512,-1.0787222976788722,-15.081154570751185,-9.8723094751800318
-1.0928300579029822,-0.91480507864980165,-1.0744455747343677,-15.060892721361071,-9.9549129577829589
-1.0939766249678937,-0.91738968852001579,-1.0752780322701683,-15.05359216810556,-9.9846542770838731
-1.0946743590407966,-0.8442749758053586,-1.1045477449103305,-15.157015405904183,-9.5085760472907523
-1.1278292698742258,-1.1066251054192418,-1.1362478844646762,-14.572215310008763,-11.517971711893612
-1.1364486584099704,-1.106826045622193,-1.1359158009258072,-14.563171373945213,-11.531240870688869
-1.1316936295694868,-1.1203872991219666,-1.1370704900963737,-14.539272553405983,-11.563003999434621
-1.0693649929806621,-0.78745236960011633,-1.1066756437685745,-15.2886621640261,-8.9648090443601021
-0.82651108258177375,-0.015194063662923802,-0.014671080630808478,-18.43398514308209,-1.747600257616442
-1.0906370780514627,-0.57155437744789006,-1.1165843996246456,-15.598358563917209,-7.8593864059990253
-1.12160407128852,-1.0484766985419804,-1.1210577864600435,-14.712569733992822,-11.209528274536517
-1.0037176826562173,-0.0030624956280709244,-0.81272549497594193,-16.68098233996303,-4.9345185584027629
-1.0677202235505345,-0.91908735077089043,-1.0763641937080604,-15.079166333016904,-9.8852369539816554
-1.0554068574790141,-0.91993831672546889,-1.0710547784626345,-15.097625669779168,-9.8000381887559982
-1.0575708878667072,-0.91866072304393886,-1.0733416207775204,-15.09506196004544,-9.8129230987245322
-1.0408781373729896,-0.91951669327942076,-1.0730727778716889,-15.112676400142012,-9.7206205998030768
-1.0420243686931956,-0.92052531827778528,-1.0748022589549526,-15.107394915090477,-9.7443625413510251
-1.0476543100302746,-0.91871236047686777,-1.0737285201609184,-15.105816533101738,-9.758234460674128
-1.04842686821889,-0.91913415224311057,-1.0751278120093244,-15.102500310723403,-9.7730373297216993
-1.0580703009624093,-0.91919767545360609,-1.0753344269477849,-15.091151100619967,-9.8297442215033506
-1.0561674409704356,-0.91922104748895395,-1.0748527022847141,-15.093826992786033,-9.8170189718821099
-1.0706458528957135,-0.91907284538904066,-1.0750301597732961,-15.077376433841398,-9.8935764568545483
-1.0636498271384089,-0.91945181690337907,-1.0754122805722224,-15.084192841267852,-9.8624574409820873
-1.0690430285913148,-0.91885384708891105,-1.0745441614480065,-15.080197033951617,-9.8813605520755132
-1.0774324859738138,-0.91919801647539556,-1.0742759690663743,-15.070222206221356,-9.9238697294524485
-1.0810560859127742,-0.91859046920651566,-1.0739327171014112,-15.067648122651846,-9.9338902876758741
-1.0818765163489426,-0.9178763894997003,-1.0748092184097819,-15.067097242144293,-9.9359395198496774
-1.1215851508533052,-1.023641846117592,-1.1170908159013107,-14.766587696369717,-11.042922584630425
-1.0867364190301136,-0.88449122484811671,-1.0486931915696354,-15.156492942137856,-9.5417085445807608
-1.1080087899130369,-1.0789373096759856,-1.1158802434414428,-14.670802706926478,-11.322094998750639
-1.0078736929811236,-0.00031996278788374438,-1.050701607203862,-16.27912976174084,-6.8061293107841188
-0.95119372927722168,-0.01629076946966692,-0.98365537158692495,-16.481280017580694,-5.8786477764934055
-1.0631622098539883,0.0058252635184340845,-0.66199659532696198,-16.844372907900677,-4.3081356337626779
-1.0998869950965242,-0.00045186753742496076,-1.1134033242385342,-16.029073011951063,-7.5949601478274973
-1.0992521134939313,-0.98603159956137687,-1.1070386628655453,-14.876962657258893,-10.679508598158229
-0.66521695160637795,0.023552225036116758,-1.0666750104256719,-16.831975744985463,-4.3105514327147691
-0.96057451671586913,0.012061082881108735,-0.95967653636379613,-16.505472981512114,-5.7745411932653896
-0.96308376734342094,0.023867834825359639,-0.9131443725480447,-16.577745486534674,-5.3947087029231593
-0.88351399057267754,0.010226590883204744,-0.97386538501089071,-16.610314529848033,-5.2600891371619181
-1.0806304833229201,0.0092673194678081997,-1.085716690335937,-16.10435539407817,-7.3975573364949847
-1.0927021651943929,0.0086492633818701058,-1.1152147388074105,-16.03760600874721,-7.552761752988542
-1.0766340489113291,-0.58779445385086093,-1.0998029506109679,-15.617124760377553,-7.8126214277275867
0.0089757757073904362,-0.015062455853465356,-0.61546331181202563,-18.80648476510688,-0.41905116518674368
0.0089424608746093513,0.020199649583240498,-0.62559196082434365,-18.779265239580162,-0.45776221409987283
-0.51135660775351621,-0.0006053013609545535,-1.1209449183389086,-17.019485738560938,-3.9177900353198201
-0.51337401476387012,-0.0017181028522571737,-1.1175989066139815,-17.021187327139017,-3.9124101557044941
-0.51362575845899106,0.0061782654336584742,-1.1252308840758609,-17.00844887782727,-3.9192533996211889
-0.51311988504430184,0.0070261863103235787,-1.1291944930617357,-17.00300713009524,-3.9232180737006099
-0.51197039929913246,-0.00032336516989932979,-1.145816940879689,-16.978723271693,-3.955941544001341
-1.0714202934978536,-0.92847441185881652,-1.0756490150623077,-15.057302783739527,-9.9775996732872052
-0.65048048828129423,-0.016642568786463863,-1.0874545173855381,-16.82488106476451,-4.3414172714620474
-1.0795492813937835,-0.88077019708764581,-1.0856784500328094,-15.128861363991884,-9.669312253521019
-1.0038131130626566,-0.0090207771903360635,-0.91465720552456642,-16.509178188352017,-5.7442064972392872
-0.9832150209118321,-0.011026109605242418,-0.91867312487967345,-16.536192859642984,-5.6201310452926165
-1.0175729691078792,-0.0082978122342814379,-1.0092013538776294,-16.330726542047273,-6.5841223195558403
-1.1213635557074633,-1.015234024479484,-1.0758424268506033,-14.828452490931863,-10.832659553381026
-1.1089599625876816,-1.0140807477397777,-1.0775221284415075,-14.842530884116485,-10.799981312055305
-1.0909318760947013,-1.0126623297287234,-1.0766768459762035,-14.865980278744239,-10.722566205853742
-1.1075322658584559,-1.0088761345176334,-1.0772580022767648,-14.854879255053564,-10.757755068638144
-1.1052273097157017,-1.0068470961838611,-1.0767885285686241,-14.862006322405517,-10.733799881374292
-1.1071178574068063,-1.0106576386961525,-1.0758024824127455,-14.853320031016313,-10.762194520126346
-0.91872146155626389,0.027478736523031649,-0.90902222147845324,-16.657753224386735,-4.9950979961149304
-0.97298303035824851,0.0022750960260545577,-0.97496615144280141,-16.460060051980427,-6.0138639112811028
-0.6322827996471253,-0.02881378641041955,0.0009308894034191946,-18.753476126910677,-0.49525476474311425
-0.79869253385512207,-0.0069613872074799979,0.0022845171244298148,-18.50897217585733,-1.5767511165934633
-0.72249521398111372,-0.011836544167747435,-0.0024553562653577971,-18.630241738311376,-1.0333947747783563
-0.8420228875865825,-0.0091884806295709359,0.016845891702965764,-18.41173003589477,-1.8777030717294994
-1.0823971256832734,-0.59923284604260174,-1.0815326251365718,-15.617122782446963,-7.8144880292758732
-0.0013227662153047631,-0.0092049461264587223,-1.1062367737024525,-17.99654085453966,-3.7701018761051879
-0.0028884023062129664,0.014732366351832178,-1.1140623394386366,-17.972512549868693,-3.7779942453411377
-1.1037134709275223,-0.96316342316654957,-1.0746412887332129,-14.953372421808155,-10.387717090072115
-1.0733528422566425,-0.75484338023266806,-1.0574565103416498,-15.403422480694001,-8.5333933060285787
-1.1079535971027976,-1.0229579867263987,-1.0844397660347542,-14.818209652437638,-10.889043788438485
-1.0469040292265444,0.018493586026473642,-0.74315478107577138,-16.729072873806892,-4.686465156858616
-1.1066615411753955,-0.5809410189875297,-1.0955683691157032,-15.591696752394126,-7.8879075233018723
-1.0127448267251031,-0.0012577363020235266,-0.00090383988294940112,-18.16336651703141,-3.2901501873002137
-1.022045416069965,0.008639167990020272,-0.018910601759501905,-18.10973422282407,-3.2985102165417177
-1.1269701030870767,-0.0004680552959901536,-1.1251162663458592,-15.96699268681726,-7.696450576888652
-1.1280483789373525,0.0015752361822508189,-1.1305757949498145,-15.956554230708134,-7.7047385406683446
-1.1286804259997623,0.0027336802602776818,-1.1276049674399724,-15.960279071902576,-7.6975633531301799
-1.1304147645188918,0.0028550310996426362,-1.1339593756802446,-15.9473744182139,-7.7104037137908952
-1.1304728478290069,0.0026466330189488054,-1.1326462230854051,-15.949377034226904,-7.7091570438144146
-1.1313363273774144,0.0011667819694064147,-1.1352579722173513,-15.943844027857235,-7.7183355424139375
-1.1298759720343206,-0.00011236257875488968,-1.138001557568973,-15.941804131417191,-7.7230725200686692
-1.1298919089506014,6.1817910094286507e-05,-1.1385096091682723,-15.940969490188998,-7.7239131221417958
-1.1299844666704251,-3.5382916981258145e-05,-1.1388530950379481,-15.940274762913909,-7.7245838648045844
-1.1298077125505193,-5.6239025431190819e-05,-1.1394085744481932,-15.939672150981202,-7.7247326749121425
-1.1300001111173419,-9.3509775461696106e-05,-1.1399692874345797,-15.93847232763816,-7.7254038770418045
-1.0069641182067308,-0.012416451441802832,-1.0232081889125832,-16.325057116769436,-6.5983123086143234
-1.0462233318751206,-0.85488791474031756,-1.0677897936745275,-15.238740330981294,-9.1968417828604494
-1.0888449057273915,-0.74478585027763455,-1.0538966712969091,-15.406135371191521,-8.5143602055099539
-1.0923426201878275,-0.74458237948260531,-1.058265808175525,-15.39654160243775,-8.5516255333754465
-1.0970058392180655,-0.73808574017349327,-1.0517666406263446,-15.41019635349703,-8.4890190314034388
-1.0904242110945201,-0.73615150836170795,-1.0513714128689911,-15.422459969173861,-8.4483925158957334
-1.0920973698640166,-0.73532966506518527,-1.049110805720493,-15.424628747138419,-8.436434570870242
-1.0886982533847678,-0.73654881299966435,-1.0548279854136224,-15.41958284169797,-8.4637819057647548
-1.088091215191477,-0.73782106100798928,-1.0573490946498725,-15.414937267370355,-8.4838850285222964
-1.0879072603763644,-0.73683365366243747,-1.0564056120905241,-15.418092391409653,-8.4712762683095875
-1.0712949282499207,-0.70620690837231193,-1.1011211043724434,-15.434581664700858,-8.4043360264206726
-1.0803473807558046,-0.92506739970234242,-1.0815415469154237,-15.047083126525992,-10.01947603092704
-0.97105553332223449,0.029534033805619503,-0.954344019554904,-16.495755778889745,-5.7838943187054159
-1.0920298115107525,-0.98071966058226356,-1.0788125750560442,-14.926826625382397,-10.50176158861505
-1.1023029430883289,-0.00287722682115002,-1.0812719913183839,-16.076783831802544,-7.4786781143035306
-1.1018751508874247,-1.085223527195351,-1.132004433096633,-14.647392161111279,-11.36355422893603
-0.91708567165404109,-0.021707434947352999,-0.94312433348141467,-16.604338155865875,-5.2709214371943389
-1.0639542392754395,-0.6870152205600889,-1.0737186617949599,-15.511999405040662,-8.136625159919932
-1.0678347959685697,-0.84062500443948962,-1.085126216818296,-15.219346158386589,-9.284958461066136
-1.1077485186164751,-0.57285937095988249,-1.0877706965404608,-15.612683916428288,-7.827885929699625
-1.0862068645799527,-0.024684093403394947,-0.56314290735426464,-16.980764039532044,-3.9287677260140605
-0.83551590929704156,0.0085116778322288367,-1.0148021802992324,-16.624096764406826,-5.1785420172152872
-1.0880269589504699,-0.010208075477567635,-1.076001154643742,-16.10807267179875,-7.3839149078128523
-1.040025408531271,-0.89425655730282438,-1.0807243238293085,-15.154561668445595,-9.5432475888920187
-1.113772542110963,-0.97479303246627402,-1.0851257301616879,-14.907389572093923,-10.557187729778125
-1.0020857207116125,-0.010193777010136662,-0.74798489293410586,-16.794237779864744,-4.4362079198632012
-1.1129881111672604,-1.0585370983712645,-1.110966111696494,-14.71227481073894,-11.219517919597099
-0.0092285173834042184,0.0082484462440140793,-0.61183479835276577,-18.823413378721064,-0.41509756439354617
-0.0085416109186805325,0.0072624069640958647,-0.609412757125671,-18.830048497916998,-0.40753806014504323
-0.0087669213101953473,0.006977965321506502,-0.60635968264797291,-18.835474536049247,-0.39388469725551034
-0.69105124223311765,-0.012138615908281487,0.0090678384841107029,-18.678712579371634,-0.82366128059477484
-1.1008234818828155,-1.0112274769487577,-1.0684441944562151,-14.867023404890396,-10.709132264740525
-1.10419686105129,-1.0645814476725701,-1.0815934773531199,-14.740369668294658,-11.116304895070087
-1.0585717036685844,-0.96686707977447439,-1.0858540523234026,-14.983873227210825,-10.265775266066088
-1.0625033496344174,-0.80465002223948734,-1.0983964514450775,-15.27620460275444,-9.0297732268617033
0.0021609749417635807,-0.00081194122075056458,-0.89640110612481938,-18.354099875019262,-2.3710431160643699
0.0023359283512377794,-0.0004975360419677546,-0.89642941069654225,-18.35389331503532,-2.3718949154845905
-1.0999595197001644,-0.87222854023236518,-1.0760139979465146,-15.13242047983,-9.6387667001381203
-1.1098851357611532,-0.86279922530587461,-1.0792375344600038,-15.134583859744396,-9.6092620031980367
-1.1193999701743382,-1.0573697562355966,-1.0949564137242487,-14.724824951340102,-11.175802813766573
-1.079361038180332,-0.8440386487546907,-1.0729943708489718,-15.213684281800312,-9.3123247290826914
-1.0635038029095556,-0.75738369593263644,-1.0862279474646404,-15.375116388930973,-8.6428093928504133
-1.0837951616445123,-0.86909720816710789,-1.0598864286779444,-15.176472473087523,-9.4666166959921298
-1.0376249800895017,-0.85752341602409565,-1.0786032350088917,-15.230985679187858,-9.2181821104137516
-1.0433401054057367,-0.84470704729373181,-1.0774774550322048,-15.25003831341377,-9.1452705863754851
-1.0616309358837617,-0.82325608293254615,-1.0949966322277038,-15.247222455279381,-9.1556088748163837
-1.0895381660248429,-0.85144526257341024,-1.093019712399435,-15.163691471725198,-9.5043235230891696
-1.0487920537962099,-0.003624467441940833,-0.98840095097865621,-16.314102492370836,-6.6424688354120551
-1.0853794573140076,0.0024367660854698464,-1.099805129308117,-16.07418086743866,-7.4892662168822852
-1.1379962966683914,0.00015249567355801654,-1.1349836678485488,-15.933667452565885,-7.7305094555099654
-1.1092754221006642,0.006381220498556466,-0.65384763750302766,-16.784430054742096,-4.4580902383487366
-1.0506507170186563,-0.87039797197352531,-1.0614031200974858,-15.211203944157045,-9.3152248318753728
-1.1251641813146589,-0.0033094731560567858,-1.1333564331211605,-15.95671235119234,-7.6988848954916964
-1.150319174084917,-0.0017524981521376947,-1.1351627940794555,-15.913772934063788,-7.7334074742630401
-1.0763569004508713,-0.98137458118587662,-1.0981649514893057,-14.921419069733567,-10.518563514276835
-1.0646016552430839,-0.97710078461172112,-1.0878019749002767,-14.954476889993641,-10.386336568956956
-1.1277570684910483,0.0098303646027557093,-0.55585308199835537,-16.92839704960097,-4.0571398502549307
-1.1128256462419206,-0.95412457962310993,-1.0990428194767745,-14.933472054908055,-10.44644425690845
-1.0983154870849816,-1.0049564870394938,-1.1058613701101869,-14.841605159647424,-10.812364852216781
-1.0719729763714603,-0.88268988735580944,-1.0766377339070186,-15.14465665913023,-9.6081702693120139
-0.009320742602901555,-0.017643668808882487,-0.91399951985904426,-18.289235271058175,-2.4635932544936243
-0.93816236557240851,-0.0071964746097428062,-0.88515013215804672,-16.666644534336385,-4.9948449967850745
-1.0569233263797435,0.0018902378021910539,-0.9676608972155738,-16.335053754181427,-6.5338389721769294
-0.98623304971703463,-0.016916736559556611,-0.95836676762996975,-16.465161699480106,-5.9545191377827162
-0.96794482285366468,0.0044906114447292311,-0.97834156182253129,-16.462780460931175,-5.9950034512954735
-0.85661480164298998,0.0030207721264187762,-0.93187687454165025,-16.72509698857038,-4.7204601199212997
-0.97382984827223007,0.014989832205949405,-1.0093127601692402,-16.40197312310877,-6.2493242142793584
-0.9824512233032241,0.013445267843288061,-0.81082502523749089,-16.718761621116954,-4.7395957243230908
-1.0896177593454401,-0.71479863215963668,-1.04177770681258,-15.4727854461747,-8.2496098565616336
-1.0160595818918956,0.0087990580470975188,-0.98769686426076309,-16.368404497649934,-6.4149585453754119
-1.1461808638385786,-1.1126597619266823,-1.1455845082068363,-14.531105822025745,-11.5656115715854
-1.1461341027315382,-1.1342337417631094,-1.1421819207937698,-14.49082780780239,-11.608451408553371
-1.1249356838102242,-1.0825756796387231,-1.1447579531329022,-14.615057086563116,-11.428587512133403
-1.0601130219693231,-0.82018033619303721,-1.0491054431397666,-15.310391261640977,-8.8983026765150406
-0.72516962678736063,-0.0013299597285987442,-1.0126946085032102,-16.816472901854304,-4.3807940409167552
-0.9612909311091935,0.00035895771954844169,-0.97497594248066177,-16.47932408338354,-5.9279255524254513
-0.98640324327382523,0.017106036915839971,-1.0017715051111811,-16.393526708452175,-6.2878089751335358
-1.075778847180503,-0.0015381916211025214,-1.1199150309777675,-16.057441871126763,-7.5074629114012907
-1.106806711889168,-1.0061661843130421,-1.0888985524229615,-14.848444450260793,-10.787556430601928
-0.75616248998573021,-0.0084504562916121184,-1.0285488891883281,-16.73703342149596,-4.6794806466144108
-0.70258423242552726,-0.016982217839955918,-1.0343628288515829,-16.819739597199955,-4.3508581124066472
-1.0793573416566282,-0.86396261169196653,-1.0562618229151108,-15.19580468139886,-9.3848368144188594
-1.0847887169817416,-0.85984838385212248,-1.0523836404037141,-15.201788818330327,-9.3536813428607068
-1.0817174197188162,-0.85683375495954295,-1.0735751312420205,-15.186072738843464,-9.4286488996493407
-1.0784026353993792,-0.85823955323498713,-1.0857290779630622,-15.172912135620829,-9.4805724735722077
-1.0661741611967208,-0.80020547290468702,-1.0787306073832823,-15.303994471597413,-8.9342296708744229
-1.0643319549211925,-0.82000218291609783,-1.0831111118333558,-15.26442601210833,-9.0958286060993139
-1.0624967471446543,-0.82579441082500726,-1.0820723970154071,-15.25714557200157,-9.1265747768408048
-1.057759473673374,-0.82842470466059936,-1.0895284605432332,-15.248926517000545,-9.153263132386904
-1.0556259338332759,-0.82190848890933477,-1.0919314233359507,-15.260698770310263,-9.1001113937492448
-1.0496844364612903,-0.81152095984018979,-1.0989774546450555,-15.278499268204964,-9.0123385301206618
-1.0438194241648551,-0.81046601961171982,-1.1030564215174674,-15.282561213234874,-8.9834095177239455
-1.048697458033756,-0.78659112383223262,-1.1025164741138906,-15.320859826232592,-8.831415387510166
-1.0508761162027256,-0.78427673255097408,-1.1035150034460988,-15.321116133772726,-8.8305150778757842
-1.0499338072162734,-0.78800068980546667,-1.0997066511551878,-15.320273280247768,-8.8393387230394111
-1.0470396913010545,-0.79444677803284136,-1.1005964311442016,-15.31101238604404,-8.8732341148553147
-1.0746806232161432,-0.98357798834416077,-1.0601711645839309,-14.960795478882684,-10.353190158454666
-1.108587105883279,-1.0873709889425136,-1.1230213584825057,-14.645442656260672,-11.377915729694525
-1.0739595832747888,-0.9918679221240243,-1.0989776501172099,-14.902122483662104,-10.589387484162767
-1.0909019323449181,-1.0592598490048963,-1.0974453487917315,-14.74863499059867,-11.103828673987643
-1.1002685128676599,-1.0305970584893389,-1.0979088728607673,-14.79654166484532,-10.968239035817113
-1.0945749036998524,-1.0230045398199914,-1.0982301870090114,-14.817710153475803,-10.898246520629861
-1.0860820643679696,-1.0355801546911867,-1.0977010981973467,-14.801910398855957,-10.94425575528817
-1.0920535810454186,-1.0627688055766862,-1.0973921160312514,-14.740270848077351,-11.127229969442585
-1.0928550045004022,-1.0179273648126679,-1.0491237193830005,-14.8828450157602,-10.619994848875237
-1.0835961653854975,-1.061013081068547,-1.1042544897734194,-14.745532052059222,-11.106327892206107
-1.0871909525792463,-1.057048885960576,-1.0991197600991427,-14.755322151297968,-11.082388967140055
-1.0831309736752632,-1.0526792034601298,-1.1170810487383496,-14.749402286399384,-11.094979150371991
-1.0908067266680397,-0.0064598604161492795,-0.61674396849647173,-16.879419444824336,-4.2081648569622718
-1.0068246178060467,0.0035333629630729555,-0.82869771209791687,-16.648786027521655,-5.079698294181636
-0.571134061460843,0.0019288349305008924,-1.1362678608038381,-16.88773492789983,-4.1460596556666074
-1.0115845922141589,-0.0086935560703269889,-1.0589643230904617,-16.259564193787412,-6.8583417928901973
-1.0118364108110995,0.0029906058130904668,-1.0589245321961724,-16.259321926620345,-6.8727845784206609
-1.0120687561195734,0.0092281536348278719,-1.0497508579446533,-16.273681127878532,-6.8083006751100106
-1.0807737259863495,-1.0398624909734469,-1.105976963926673,-14.789961132508958,-10.976104707313809
-1.0910229535486127,-0.67970905497340395,-1.0860696227452207,-15.472528681899277,-8.2773582417621245
-1.0497090261434636,-0.83459867743909588,-1.0827339021831506,-15.255239887282226,-9.1269734940441332
-1.0510127900035244,-0.85865924551902784,-1.0602566544332357,-15.234772051937204,-9.2157166351421047
-1.0857101981152464,-0.85408408955664172,-1.0762121999560343,-15.183368814124044,-9.436650949564644
-1.055025873928594,0.00070252134158111247,-1.0862474510858069,-16.14498974243,-7.2894538844950993
-1.0806039587773424,0.00066871932571635126,-1.0658773648865025,-16.136522544242602,-7.3237410800905067
-1.0473974209124732,0.00073758539056971721,-1.0827646216625206,-16.16296109496551,-7.2299406060778564
-1.0061839349721227,0.00078522607575384046,-0.00037548993307121546,-18.17544671194265,-3.2470040997801441
-0.86307820983054295,0.0033302937275811323,0.0084450221282191922,-18.396459500009673,-2.0763945799553314
-1.1015734289391648,-0.69680861985045994,-1.0869784517181618,-15.429360930108503,-8.4209116328320626
-1.0900455196400307,-1.0009926398860325,-1.0845696126282811,-14.881959585502226,-10.671358637566552
-1.102663251945363,-1.067360895407212,-1.1191219134442505,-14.696623841592457,-11.256355271328609
-1.1006299599781502,-0.70154967478200569,-1.0827856392359383,-15.428149349381705,-8.428179622343734
-0.52514971123514254,0.0022336686676309465,-0.017978394951158272,-18.966799420062298,-0.076555504725472678
-0.97487840306281981,0.002359104992091049,-0.83638213215046653,-16.68819368197401,-4.9044037894798649
-1.1546131064962011,-1.1490562923336338,-1.1488207420174963,-14.44507338469802,-11.626030079919449
-0.99376589613791766,0.00050169493465372769,-1.0372317232722712,-16.324090037409,-6.6209872772070124
-1.104657587563318,-0.011489764278194353,-1.0955093940892606,-16.0499220599455,-7.5267557385480384
-1.0942393825888928,-0.01440822380281717,-1.1036977871304308,-16.053391154055518,-7.5131991045110738
-1.1410682126081146,-1.0936751777660789,-1.1404177238103335,-14.580247861290253,-11.494843103767789
-1.0907913819317745,-1.0057567573884842,-1.0832765501779389,-14.872941664164873,-10.703162441292768
-1.0914891287376227,-1.033049989280902,-1.0852511796883195,-14.814641262588381,-10.900779796486376
-1.1103643005074497,-1.0266825592472772,-1.0883049779065848,-14.803891204765176,-10.937581955649108
-1.1153516818576767,-1.0775979105685256,-1.1348540816833084,-14.645732195543246,-11.374085611415207
-1.1342164926249678,-1.0742464974141757,-1.1169950829308715,-14.65145882438974,-11.361488911987969
-1.1172062258545881,-0.55046050077796482,-1.0938504639602868,-15.622845764792485,-7.7945437381282847
-0.88846254509400602,-0.0039666284230653361,0.0073572399629959553,-18.355280459339717,-2.2847733765926672
-1.0482180488915878,-0.8064545911424208,-1.0973183464781984,-15.291637727406123,-8.9589882340843268
-1.067981977842436,-0.79912688223532335,-1.0442942374632245,-15.345933102284144,-8.7502597386497385
-1.0320884132654171,-0.79455005586311023,-1.0958741718502576,-15.334946617651811,-8.763966771152365
-1.0835130607436798,-0.94817088433325991,-1.0791690978039654,-15.000726433907385,-10.211048685970649
-1.0669332210656124,0.0015954741039191853,-1.0811056973899902,-16.13400487998642,-7.328590462992457
-0.9807326841664501,-0.0074559924748729203,-0.92660393030878252,-16.527198651091364,-5.6735981790110124
-1.0443646188855775,0.0085531529721390998,-0.73873004038913193,-16.741343177128265,-4.6604451960393654
-1.0778658675303685,-0.8609441681368073,-1.0373343633399195,-15.22563361680254,-9.2406156251257698
-1.0789563762264474,-0.85915476270593705,-1.0576395514889698,-15.203830981507181,-9.3516872784873186
-1.0800798276616703,-0.85871229092121804,-1.0522868210825365,-15.209664699403348,-9.3229779773276018
-1.0789759951600779,-0.85883755623144853,-1.0476678880685255,-15.216188202412035,-9.2919114930779525
-1.0808048241961468,-0.85925942298669289,-1.0711209873169254,-15.185478356064088,-9.4320659831100819
-1.0806396402425313,-0.8593004968793676,-1.0807119778211796,-15.174216450844984,-9.4773018906586906
-1.0806809498687973,-0.85914534839961865,-1.0862820846828154,-15.167840406458316,-9.5007202489954672
-1.0803448565238567,-0.85882281925282988,-1.0997334921611912,-15.152828019783062,-9.5491087538120993
-1.1344939313492426,-1.1276428051233847,-1.1552106092459482,-14.502796948454927,-11.59108356973379
-1.1321118508736177,-1.0760475093160824,-1.1059789652164946,-14.661664001322226,-11.335652171838479
-1.0511596809115815,0.0070277004506272252,-0.7148858270484747,-16.771603294432218,-4.5491321408729712
-1.0376150239583368,0.0079607154166603765,-0.8073849509705191,-16.634690165117227,-5.1123963006521196
-0.79366018623751156,0.017606448700433722,-0.98406941288408556,-16.74509255566471,-4.6145167931290585
-1.0548053573444933,-0.78389731128445317,-1.0927862833985851,-15.330286618530934,-8.8113771076885463
-1.0732550758062434,-1.0041994585286353,-1.078859189919529,-14.90004060247584,-10.593724224788378
-0.99297787342965371,0.0047073708193682562,-0.93583176924070433,-16.49183380474289,-5.8477816246987278
-1.0718262387174329,-0.0075361494549067327,-1.0605318694529042,-16.159235981546868,-7.2364756095177851
-1.0988394106315433,-0.94447639668966954,-1.0484259846105386,-15.025254793305306,-10.080018323894812
-1.0971771187161434,-1.0728064014163459,-1.1161677153823482,-14.694427069001087,-11.257053807009202
-1.1363650005769603,-1.1204302999874871,-1.1484536831545673,-14.522549513105362,-11.578148727139968
-1.0460178201473953,-0.0078203020384494705,-0.75372002273513328,-16.712862041930006,-4.7737733029740932
-1.0552478043578717,-0.66271299036944575,-1.0616602560361816,-15.579738070194846,-7.8899092010392646
-1.085546239743995,-0.011176799036543554,-1.0694828331354329,-16.122552408407344,-7.3395135232571134
-0.96952548923688431,0.0081178957302273647,-0.99190484460225103,-16.437824049879538,-6.1023463126666178
-0.012627062697422031,0.010392646997886149,-0.90425246372726409,-18.312847187913214,-2.3903471452838709
-1.0796946804171077,-0.76610068661801567,-1.1029758776363245,-15.318376398783855,-8.8481947829062921
-1.0918891383186577,-0.75553692824458385,-1.0509596422728216,-15.386988928477571,-8.583446372814425
-1.0944055226289324,-1.039393497474322,-1.0974087429590504,-14.785535493114434,-11.000891610808885
-1.0940111393138017,-1.0056691187515372,-1.1208805667028447,-14.828378189903454,-10.842505523033275
-0.67465478872127327,0.010205036372732949,-0.0030275044302255794,-18.71636084739353,-0.74626399315832126
-0.66635921766662742,0.010325984819084659,-0.011941919860375225,-18.72060672318786,-0.68050599413944957
-0.67109606489870444,0.011300444251085394,0.0038237785447299572,-18.71998601051903,-0.72213431680753148
-0.65810637686284545,0.010879029614767581,-0.013566269976692356,-18.731853130192803,-0.63145456957552848
-0.99614889279457097,-0.0023050345281241599,-0.80862719927418247,-16.700353378622694,-4.8498261634917608
-1.0770580727188728,-0.76947536858962695,-1.1066280052117996,-15.311142767043966,-8.8718131944820282
-1.1286906371152896,-1.1262552966645072,-1.1204855731942929,-14.547432218327117,-11.541555628274129
-1.1083519859696926,-0.0014980336525111321,-1.1241833309386331,-15.998257242624287,-7.6452908387818974
-1.0762323477476721,-0.0015033828065565548,-1.1072450730250472,-16.07699122451914,-7.475193771983438
-1.1048564428194065,-0.0015153115297762789,-1.1048082840001878,-16.0348678706848,-7.5826044659531719
-1.1141895292139323,-1.0122220143853502,-1.0839999356567349,-14.833524906806826,-10.831225856313065
-1.1084061569377468,-1.0248801922770427,-1.0775810810767175,-14.82121999356929,-10.872329421830633
-0.81543857348213655,0.0186352192299565,0.0014855240605373687,-18.457486108893264,-1.683956721386922
0.008865846200880656,-0.0027703488436868207,-0.72825914441104966,-18.626017241062318,-1.0757901257319828
-1.1133945452526781,-0.5914541016576953,-1.0706681592891083,-15.601205551866215,-7.8417614720068958
-1.091432485049493,-0.9406768776178136,-1.0819090322531166,-15.003434776234396,-10.196041350755664
-1.1360978674047282,-1.1111980838646436,-1.1328175465329933,-14.557866431651444,-11.539732721655586
-1.09992321165302,-1.0738192065712324,-1.106873652014511,-14.699280257769201,-11.245392247325128
-1.0564907849819987,-0.68089162353037735,-1.0704918155546965,-15.536230469206451,-8.0445376128510979
-1.0963363014356453,-0.95814567135629414,-1.0886507787262401,-14.955903491368945,-10.384692834936676
-1.0868660790930411,0.024798154248897919,-1.0892286240642621,-16.08788203348047,-7.4112478451550796
-0.006412217215823795,-0.0012587940310978844,-0.00090603358491323296,-19.983837894403596,0.026067254099621753
-0.67401664450356402,-0.0018294091786501543,-1.0677177951299954,-16.81604052181876,-4.408291970423158
-1.0936502057116841,-0.91674644695392504,-1.0775094332336939,-15.052658040483433,-9.9886723836030491
-1.058792425799991,-0.99263888621168428,-1.087326947419103,-14.930003521443558,-10.471068253242846
-1.0842850038785674,-0.96673091616515661,-1.0911602635683382,-14.94960723385974,-10.414143868386294
-1.1087649342669192,-1.0439130134965728,-1.1298472781564934,-14.726063611254066,-11.165782970240514
-1.1352210912040077,-1.1059508023296758,-1.118111560461593,-14.584763835547541,-11.493834900435811
-1.0783848991773346,-0.91156669692505221,-1.0847442097385596,-15.071979585548728,-9.913517322403651
-0.9637783806871385,0.038566978499445626,-0.93319212597127765,-16.541677365665628,-5.5410202868705776
-0.011862969361894082,0.00086566573525997947,-0.75059029747382722,-18.582302066690517,-1.2246510370211134
-0.020192056720792884,-0.0054057383894245969,-0.76921937540924223,-18.532307149515987,-1.3279198107637979
-1.1143163791904567,-0.99783525799815498,-1.0797809708359261,-14.866837207572436,-10.709239597100069
-0.68248602124302282,-0.00069631137141003881,-1.0852679607330791,-16.77295493894067,-4.5430675388659729
-1.1338278368447263,-1.1274562376925876,-1.1426361895082136,-14.516871729996634,-11.586160884805693
-1.1356449893139,-1.1220861980106682,-1.1219469791605403,-14.547323943950312,-11.546796593797524
-1.1307155991843914,-1.1303907020197232,-1.1427224988353348,-14.513983054286976,-11.586632660334004
-1.1337095899424061,-1.1135969426124612,-1.1457711068959224,-14.541986241069882,-11.556328637219618
-1.1306393926783995,-1.1119134946758316,-1.1330606671750254,-14.561828763563746,-11.534325612995033
-1.141771003302041,0.0016364977993815948,-1.1487586946505228,-15.905728288347337,-7.7404128118014137
-1.0839705634162102,-0.88737853700400804,-1.0518435069311944,-15.150484306558916,-9.5719293171482729
-1.1108672023415522,-0.55823650291850646,-1.1115240717481911,-15.596162905768917,-7.8652947852870678
-1.1121750114695692,-0.55649261832419816,-1.1240213228896547,-15.579347610409776,-7.8933809273317461
-0.51045637636075714,-0.0030946840437994366,0.015592594511550237,-18.997711395560835,-0.033455103018397984
-1.0258971693646162,0.0043983130439051192,-0.91876296651617118,-16.466395219826943,-5.9415295970241804
-1.032270262476146,-0.017936296999622216,-0.00037281964369575721,-18.0985668269593,-3.3883668532366498
-0.99263655851416077,-0.00018258752076762835,0.0065367695285822071,-18.186303648593256,-3.1341047855766466
-0.97391377008987023,-0.01736206619577009,0.0043711219854961018,-18.194135960494776,-2.9583227880499932
-0.95798775585342821,0.0012344501504479993,-0.0016905092101313669,-18.25220385741039,-2.8740767211125897
-1.1196730969228281,-0.0034209011514516221,-1.1048167705589269,-16.011117715315983,-7.6190918956837557
-1.1234142550621093,-0.0036249228698080581,-1.11456428605748,-15.98952206454946,-7.6557873751866978
-1.1271827732400403,-0.00074455854829639677,-1.1185277473876176,-15.977181477718156,-7.6813345864678633
-1.1207909611384703,9.1402443356690963e-05,-1.1257244933148221,-15.975892209493972,-7.6864284046117533
-1.1261201814919968,-0.00059952221115493339,-1.1218216107421852,-15.9736127030124,-7.6874474187755855
-1.1269063759698241,0.0024222830579656521,-1.1181764746154785,-15.978176890037997,-7.6750310848785386
-0.6770992730600538,-0.0020013657985088196,0.0089159964910760503,-18.715227356778286,-0.76544516984554212
-1.0824582470632946,-0.0066671302357904916,-1.120432712062007,-16.04578744811669,-7.5269058312845267
-1.0848466317012371,-0.0059692039985196786,-1.1210717416867391,-16.04093296948443,-7.5403797812881583
-1.0851821194633462,-0.0054311669633236217,-1.1198915460935266,-16.042288302073292,-7.540332144243207
-1.0827418965590228,-0.0062374563666586433,-1.1209888558497296,-16.044449757457652,-7.5303751821987035
-1.1306431456478867,-1.0437754737160887,-1.1065317594757615,-14.727877738630049,-11.159367075069865
-1.1261571166931656,-1.0549779467008322,-1.0980558146064747,-14.719155806547448,-11.188396544946904
-0.95444404205932898,0.0041748047770858686,-1.0034753285025844,-16.443834016131568,-6.0766486057398676
-0.95231464786662678,0.0018793482535062688,-1.0288803459913256,-16.40591151687013,-6.2410260312673156
-0.95330514417567958,0.00080863177206919306,-1.0103255888429774,-16.434542834564137,-6.1256214116457528
-0.94775249732503442,0.00064597577743619292,-1.0169540557648633,-16.43290159278596,-6.1277889832570374
-0.96356023209212971,-0.0014932933524317473,-1.0126977559690169,-16.41373232487878,-6.2218913769806967
-0.96533599974655904,-0.0021593434399813337,-1.0132812181538664,-16.409846873936957,-6.2381196213329133
-0.95854774489239736,0.00048499650317986422,-1.0075390176046757,-16.43043773365158,-6.1488717166947469
-0.96983038657846876,-0.00042966242893475158,-1.0222457397110314,-16.38782005212667,-6.3404230521574636
-0.97227020321207602,-0.0030204186310600991,-1.0182587835813921,-16.39028911577077,-6.3247244350382532
-0.98191505882520402,-0.0034313718429639073,-1.0164491906256605,-16.377372111721993,-6.3857223600572457
-0.99152736080880655,-0.0027477127721936743,-1.0246851620923783,-16.348166809091996,-6.5161731609438265
-0.99511416098950989,-0.0021149457834600009,-1.021218410400955,-16.347941377860415,-6.5212097942272145
-0.98720491920902953,0.00022138149513737976,-1.0231036754525697,-16.35784915518577,-6.4808191893552554
-0.9873015525846931,0.00032807626532949954,-1.0191743323272786,-16.36409742541882,-6.4544504511537637
-0.99007596484865801,0.0011690578013308934,-1.0226608751513393,-16.35385685143531,-6.4961379828023151
-0.99260192675901404,0.0012904249351216972,-1.0194583779812454,-16.35493495422137,-6.4929273137874963
-1.0631057485188649,0.0023679489349656621,-0.0060102434665337597,-18.071707947845695,-3.5881138020817893
-1.0960840449157367,0.0080158883453947775,0.0061529851985307176,-18.011238760435837,-3.7253875622617376
-1.119315390207295,-1.0782599638406536,-1.1163825987167302,-14.659741480651842,-11.351008784796164
-1.0548878662949073,-0.79370629155602135,-1.0634715828618431,-15.348511149775007,-8.7482292906538692
-1.0306672370460628,-0.028142039016517011,-0.72392024429547763,-16.78776468506469,-4.4419519051619707
-1.0077974622779398,-0.005688744681289163,-0.80447131550198647,-16.688309827805597,-4.8945374116129106
-0.75881711957246978,0.011034266835892982,-0.006396494314938727,-18.566301418535947,-1.2691652431740041
-1.1051792383330408,-0.92299665657122698,-1.0939908343981823,-15.008359873810345,-10.151609850960895
-1.0986747906438143,-1.0607028588741703,-1.078902691126338,-14.757038864226509,-11.064283852303689
-1.1378156987871531,-1.1333060651962363,-1.15038711163777,-14.492826251726514,-11.604433154086733
-1.1448187519757484,-1.143894559525914,-1.1440216685127991,-14.470551937086448,-11.618962630532714
-1.1502274196715927,-1.1396365334278939,-1.1521722318267955,-14.465332753706788,-11.620498584011088
-1.1506688355646673,-1.1522008640709525,-1.1497652440996966,-14.441717774611234,-11.62676579885329
-1.1452025626674001,-1.1403289917078201,-1.151444813887252,-14.469829131239202,-11.619171831338035
-1.1434579034668715,-1.1472796946640296,-1.1497604047494099,-14.459146362727132,-11.622491862131248
-1.1498355195241388,-1.14808201732519,-1.149225021237974,-14.451536791233144,-11.625642873353954
-1.1496791571774989,-1.1501165232645814,-1.147681919332233,-14.449115349808224,-11.625668812913275
-1.1493214577699646,-1.1515168645851432,-1.1508327693161877,-14.443401347579234,-11.626634598792979
-1.0771160022898825,-0.85946342732977421,-1.0613804114764627,-15.201004267926757,-9.3660961859555947
-1.0958475582799041,-1.061020321845725,-1.1194237346508056,-14.716425861966753,-11.199267883318303
-0.88292260260000432,-0.0095549233708723778,-0.9400162861844823,-16.667232318013752,-4.98671710576658
-0.0025713807482769108,0.02191821986601411,-0.87075421575528322,-18.35719827868138,-2.1156624865670315
-1.0296020415378753,-0.82493857417955163,-1.0710609381923242,-15.311640534348928,-8.8712005699250778
-1.0442159397296884,-0.0016685734937772849,-1.0047582787338556,-16.29474013026802,-6.7408868535426993
-1.0068606276290542,0.0015553316824677159,-1.0242434248142189,-16.323783273429036,-6.6287100613496044
-1.0551899791537727,0.0042869467624921977,-1.0581563243997432,-16.190035298839195,-7.1424210127235748
-1.0706040009259929,0.0039810929872496226,-1.070956220365781,-16.144424726679247,-7.2927648561791569
-1.0544242721389157,0.0039838267483297005,-1.07075117023821,-16.170920016007607,-7.205179339383168
-1.087700562909899,0.0038675043187398005,-1.0727557505238925,-16.113966399874037,-7.3806512688200634
-1.127298050266045,-1.1001392509826684,-1.1257812703829706,-14.596914597121653,-11.478729542067011
-1.0505149464749164,-0.0014372430155743521,-0.0037796744812549944,-18.09692193942808,-3.5256082818544492
-1.0329183070067245,-0.0086114832580864251,-0.0095173535767892857,-18.1078866112018,-3.3879841163831421
-1.145598858453065,0.00018171008125455893,-1.1553638408100204,-15.889149859808061,-7.7482764828470003
-1.1056303614269605,-0.8202296910093132,-1.059971595095313,-15.241867349088107,-9.1603569823033908
-1.0931504627557553,-0.84136316112648346,-1.0623170461481721,-15.21491945849285,-9.294871491847541
0.0035881625750276251,-0.0058839656472108575,-0.59965149185524047,-18.855997409838892,-0.37805670538001979
-1.1386318101596138,-1.1387137471690296,-1.1451275070063114,-14.486354392325644,-11.610033587165326
-1.139551824492703,-1.1434326308671132,-1.141020463654959,-14.479956013739692,-11.612116625031089
-1.082854620142605,-0.64890157080381972,-1.0956180661354631,-15.520424591398964,-8.1127801297283906
-1.0982946958738955,-0.58128101677130273,-1.1189033279090943,-15.570560810819206,-7.933332072416869
-1.1238823797251467,-0.57939604403375367,-1.1040012991673047,-15.558535248974202,-7.9565462844545483
-1.1150248350585312,-1.0492856504490258,-1.1020268671807791,-14.738392182168443,-11.144128001941322
-1.1164868365968981,-1.0557646048424114,-1.1022918703563067,-14.723403916736284,-11.186087735303484
-1.116124935980326,-1.0522379241235111,-1.1242032661227899,-14.707502869065504,-11.225116825787754
-1.1163562256741122,-1.0658851433736178,-1.125466488019504,-14.678359050327524,-11.303208292700269
-1.0446710451085646,-0.90703674739221074,-1.0603465153190446,-15.147672919260028,-9.575151844408639
-1.0180302037456401,-0.0037918646515961271,-1.0293471716010334,-16.297207462057052,-6.7349450330575973
-1.0432234049877642,-0.0054889085183112193,-1.0235988793920612,-16.265544806896216,-6.8565543754551506
-1.1296485242939316,-1.0983854963587472,-1.1232353565073303,-14.600692073091867,-11.471454059430343
